tree_id,plot_id,tree_number_in_plot,tag_id,tagged_date,notes
B1_CCN51_L_T01,B1_CCN51_L,1,B1-CCN51-L-T01,2026-03-01,
B1_CCN51_L_T02,B1_CCN51_L,2,B1-CCN51-L-T02,2026-03-01,
B1_CCN51_L_T03,B1_CCN51_L,3,B1-CCN51-L-T03,2026-03-01,
B1_CCN51_L_T04,B1_CCN51_L,4,B1-CCN51-L-T04,2026-03-01,
B1_CCN51_L_T05,B1_CCN51_L,5,B1-CCN51-L-T05,2026-03-01,
B1_CCN51_L_T06,B1_CCN51_L,6,B1-CCN51-L-T06,2026-03-01,
B1_CCN51_L_T07,B1_CCN51_L,7,B1-CCN51-L-T07,2026-03-01,
B1_CCN51_L_T08,B1_CCN51_L,8,B1-CCN51-L-T08,2026-03-01,
B1_CCN51_L_T09,B1_CCN51_L,9,B1-CCN51-L-T09,2026-03-01,
B1_CCN51_L_T10,B1_CCN51_L,10,B1-CCN51-L-T10,2026-03-01,
B1_CCN51_L_T11,B1_CCN51_L,11,B1-CCN51-L-T11,2026-03-01,
B1_CCN51_L_T12,B1_CCN51_L,12,B1-CCN51-L-T12,2026-03-01,
B1_CCN51_M_T01,B1_CCN51_M,1,B1-CCN51-M-T01,2026-03-01,
B1_CCN51_M_T02,B1_CCN51_M,2,B1-CCN51-M-T02,2026-03-01,
B1_CCN51_M_T03,B1_CCN51_M,3,B1-CCN51-M-T03,2026-03-01,
B1_CCN51_M_T04,B1_CCN51_M,4,B1-CCN51-M-T04,2026-03-01,
B1_CCN51_M_T05,B1_CCN51_M,5,B1-CCN51-M-T05,2026-03-01,
B1_CCN51_M_T06,B1_CCN51_M,6,B1-CCN51-M-T06,2026-03-01,
B1_CCN51_M_T07,B1_CCN51_M,7,B1-CCN51-M-T07,2026-03-01,
B1_CCN51_M_T08,B1_CCN51_M,8,B1-CCN51-M-T08,2026-03-01,
B1_CCN51_M_T09,B1_CCN51_M,9,B1-CCN51-M-T09,2026-03-01,
B1_CCN51_M_T10,B1_CCN51_M,10,B1-CCN51-M-T10,2026-03-01,
B1_CCN51_M_T11,B1_CCN51_M,11,B1-CCN51-M-T11,2026-03-01,
B1_CCN51_M_T12,B1_CCN51_M,12,B1-CCN51-M-T12,2026-03-01,
B1_CCN51_H_T01,B1_CCN51_H,1,B1-CCN51-H-T01,2026-03-01,
B1_CCN51_H_T02,B1_CCN51_H,2,B1-CCN51-H-T02,2026-03-01,
B1_CCN51_H_T03,B1_CCN51_H,3,B1-CCN51-H-T03,2026-03-01,
B1_CCN51_H_T04,B1_CCN51_H,4,B1-CCN51-H-T04,2026-03-01,
B1_CCN51_H_T05,B1_CCN51_H,5,B1-CCN51-H-T05,2026-03-01,
B1_CCN51_H_T06,B1_CCN51_H,6,B1-CCN51-H-T06,2026-03-01,
B1_CCN51_H_T07,B1_CCN51_H,7,B1-CCN51-H-T07,2026-03-01,
B1_CCN51_H_T08,B1_CCN51_H,8,B1-CCN51-H-T08,2026-03-01,
B1_CCN51_H_T09,B1_CCN51_H,9,B1-CCN51-H-T09,2026-03-01,
B1_CCN51_H_T10,B1_CCN51_H,10,B1-CCN51-H-T10,2026-03-01,
B1_CCN51_H_T11,B1_CCN51_H,11,B1-CCN51-H-T11,2026-03-01,
B1_CCN51_H_T12,B1_CCN51_H,12,B1-CCN51-H-T12,2026-03-01,
B1_PS1319_L_T01,B1_PS1319_L,1,B1-PS1319-L-T01,2026-03-01,
B1_PS1319_L_T02,B1_PS1319_L,2,B1-PS1319-L-T02,2026-03-01,
B1_PS1319_L_T03,B1_PS1319_L,3,B1-PS1319-L-T03,2026-03-01,
B1_PS1319_L_T04,B1_PS1319_L,4,B1-PS1319-L-T04,2026-03-01,
B1_PS1319_L_T05,B1_PS1319_L,5,B1-PS1319-L-T05,2026-03-01,
B1_PS1319_L_T06,B1_PS1319_L,6,B1-PS1319-L-T06,2026-03-01,
B1_PS1319_L_T07,B1_PS1319_L,7,B1-PS1319-L-T07,2026-03-01,
B1_PS1319_L_T08,B1_PS1319_L,8,B1-PS1319-L-T08,2026-03-01,
B1_PS1319_L_T09,B1_PS1319_L,9,B1-PS1319-L-T09,2026-03-01,
B1_PS1319_L_T10,B1_PS1319_L,10,B1-PS1319-L-T10,2026-03-01,
B1_PS1319_L_T11,B1_PS1319_L,11,B1-PS1319-L-T11,2026-03-01,
B1_PS1319_L_T12,B1_PS1319_L,12,B1-PS1319-L-T12,2026-03-01,
B1_PS1319_M_T01,B1_PS1319_M,1,B1-PS1319-M-T01,2026-03-01,
B1_PS1319_M_T02,B1_PS1319_M,2,B1-PS1319-M-T02,2026-03-01,
B1_PS1319_M_T03,B1_PS1319_M,3,B1-PS1319-M-T03,2026-03-01,
B1_PS1319_M_T04,B1_PS1319_M,4,B1-PS1319-M-T04,2026-03-01,
B1_PS1319_M_T05,B1_PS1319_M,5,B1-PS1319-M-T05,2026-03-01,
B1_PS1319_M_T06,B1_PS1319_M,6,B1-PS1319-M-T06,2026-03-01,
B1_PS1319_M_T07,B1_PS1319_M,7,B1-PS1319-M-T07,2026-03-01,
B1_PS1319_M_T08,B1_PS1319_M,8,B1-PS1319-M-T08,2026-03-01,
B1_PS1319_M_T09,B1_PS1319_M,9,B1-PS1319-M-T09,2026-03-01,
B1_PS1319_M_T10,B1_PS1319_M,10,B1-PS1319-M-T10,2026-03-01,
B1_PS1319_M_T11,B1_PS1319_M,11,B1-PS1319-M-T11,2026-03-01,
B1_PS1319_M_T12,B1_PS1319_M,12,B1-PS1319-M-T12,2026-03-01,
B1_PS1319_H_T01,B1_PS1319_H,1,B1-PS1319-H-T01,2026-03-01,
B1_PS1319_H_T02,B1_PS1319_H,2,B1-PS1319-H-T02,2026-03-01,
B1_PS1319_H_T03,B1_PS1319_H,3,B1-PS1319-H-T03,2026-03-01,
B1_PS1319_H_T04,B1_PS1319_H,4,B1-PS1319-H-T04,2026-03-01,
B1_PS1319_H_T05,B1_PS1319_H,5,B1-PS1319-H-T05,2026-03-01,
B1_PS1319_H_T06,B1_PS1319_H,6,B1-PS1319-H-T06,2026-03-01,
B1_PS1319_H_T07,B1_PS1319_H,7,B1-PS1319-H-T07,2026-03-01,
B1_PS1319_H_T08,B1_PS1319_H,8,B1-PS1319-H-T08,2026-03-01,
B1_PS1319_H_T09,B1_PS1319_H,9,B1-PS1319-H-T09,2026-03-01,
B1_PS1319_H_T10,B1_PS1319_H,10,B1-PS1319-H-T10,2026-03-01,
B1_PS1319_H_T11,B1_PS1319_H,11,B1-PS1319-H-T11,2026-03-01,
B1_PS1319_H_T12,B1_PS1319_H,12,B1-PS1319-H-T12,2026-03-01,
B2_CCN51_L_T01,B2_CCN51_L,1,B2-CCN51-L-T01,2026-03-01,
B2_CCN51_L_T02,B2_CCN51_L,2,B2-CCN51-L-T02,2026-03-01,
B2_CCN51_L_T03,B2_CCN51_L,3,B2-CCN51-L-T03,2026-03-01,
B2_CCN51_L_T04,B2_CCN51_L,4,B2-CCN51-L-T04,2026-03-01,
B2_CCN51_L_T05,B2_CCN51_L,5,B2-CCN51-L-T05,2026-03-01,
B2_CCN51_L_T06,B2_CCN51_L,6,B2-CCN51-L-T06,2026-03-01,
B2_CCN51_L_T07,B2_CCN51_L,7,B2-CCN51-L-T07,2026-03-01,
B2_CCN51_L_T08,B2_CCN51_L,8,B2-CCN51-L-T08,2026-03-01,
B2_CCN51_L_T09,B2_CCN51_L,9,B2-CCN51-L-T09,2026-03-01,
B2_CCN51_L_T10,B2_CCN51_L,10,B2-CCN51-L-T10,2026-03-01,
B2_CCN51_L_T11,B2_CCN51_L,11,B2-CCN51-L-T11,2026-03-01,
B2_CCN51_L_T12,B2_CCN51_L,12,B2-CCN51-L-T12,2026-03-01,
B2_CCN51_M_T01,B2_CCN51_M,1,B2-CCN51-M-T01,2026-03-01,
B2_CCN51_M_T02,B2_CCN51_M,2,B2-CCN51-M-T02,2026-03-01,
B2_CCN51_M_T03,B2_CCN51_M,3,B2-CCN51-M-T03,2026-03-01,
B2_CCN51_M_T04,B2_CCN51_M,4,B2-CCN51-M-T04,2026-03-01,
B2_CCN51_M_T05,B2_CCN51_M,5,B2-CCN51-M-T05,2026-03-01,
B2_CCN51_M_T06,B2_CCN51_M,6,B2-CCN51-M-T06,2026-03-01,
B2_CCN51_M_T07,B2_CCN51_M,7,B2-CCN51-M-T07,2026-03-01,
B2_CCN51_M_T08,B2_CCN51_M,8,B2-CCN51-M-T08,2026-03-01,
B2_CCN51_M_T09,B2_CCN51_M,9,B2-CCN51-M-T09,2026-03-01,
B2_CCN51_M_T10,B2_CCN51_M,10,B2-CCN51-M-T10,2026-03-01,
B2_CCN51_M_T11,B2_CCN51_M,11,B2-CCN51-M-T11,2026-03-01,
B2_CCN51_M_T12,B2_CCN51_M,12,B2-CCN51-M-T12,2026-03-01,
B2_CCN51_H_T01,B2_CCN51_H,1,B2-CCN51-H-T01,2026-03-01,
B2_CCN51_H_T02,B2_CCN51_H,2,B2-CCN51-H-T02,2026-03-01,
B2_CCN51_H_T03,B2_CCN51_H,3,B2-CCN51-H-T03,2026-03-01,
B2_CCN51_H_T04,B2_CCN51_H,4,B2-CCN51-H-T04,2026-03-01,
B2_CCN51_H_T05,B2_CCN51_H,5,B2-CCN51-H-T05,2026-03-01,
B2_CCN51_H_T06,B2_CCN51_H,6,B2-CCN51-H-T06,2026-03-01,
B2_CCN51_H_T07,B2_CCN51_H,7,B2-CCN51-H-T07,2026-03-01,
B2_CCN51_H_T08,B2_CCN51_H,8,B2-CCN51-H-T08,2026-03-01,
B2_CCN51_H_T09,B2_CCN51_H,9,B2-CCN51-H-T09,2026-03-01,
B2_CCN51_H_T10,B2_CCN51_H,10,B2-CCN51-H-T10,2026-03-01,
B2_CCN51_H_T11,B2_CCN51_H,11,B2-CCN51-H-T11,2026-03-01,
B2_CCN51_H_T12,B2_CCN51_H,12,B2-CCN51-H-T12,2026-03-01,
B2_PS1319_L_T01,B2_PS1319_L,1,B2-PS1319-L-T01,2026-03-01,
B2_PS1319_L_T02,B2_PS1319_L,2,B2-PS1319-L-T02,2026-03-01,
B2_PS1319_L_T03,B2_PS1319_L,3,B2-PS1319-L-T03,2026-03-01,
B2_PS1319_L_T04,B2_PS1319_L,4,B2-PS1319-L-T04,2026-03-01,
B2_PS1319_L_T05,B2_PS1319_L,5,B2-PS1319-L-T05,2026-03-01,
B2_PS1319_L_T06,B2_PS1319_L,6,B2-PS1319-L-T06,2026-03-01,
B2_PS1319_L_T07,B2_PS1319_L,7,B2-PS1319-L-T07,2026-03-01,
B2_PS1319_L_T08,B2_PS1319_L,8,B2-PS1319-L-T08,2026-03-01,
B2_PS1319_L_T09,B2_PS1319_L,9,B2-PS1319-L-T09,2026-03-01,
B2_PS1319_L_T10,B2_PS1319_L,10,B2-PS1319-L-T10,2026-03-01,
B2_PS1319_L_T11,B2_PS1319_L,11,B2-PS1319-L-T11,2026-03-01,
B2_PS1319_L_T12,B2_PS1319_L,12,B2-PS1319-L-T12,2026-03-01,
B2_PS1319_M_T01,B2_PS1319_M,1,B2-PS1319-M-T01,2026-03-01,
B2_PS1319_M_T02,B2_PS1319_M,2,B2-PS1319-M-T02,2026-03-01,
B2_PS1319_M_T03,B2_PS1319_M,3,B2-PS1319-M-T03,2026-03-01,
B2_PS1319_M_T04,B2_PS1319_M,4,B2-PS1319-M-T04,2026-03-01,
B2_PS1319_M_T05,B2_PS1319_M,5,B2-PS1319-M-T05,2026-03-01,
B2_PS1319_M_T06,B2_PS1319_M,6,B2-PS1319-M-T06,2026-03-01,
B2_PS1319_M_T07,B2_PS1319_M,7,B2-PS1319-M-T07,2026-03-01,
B2_PS1319_M_T08,B2_PS1319_M,8,B2-PS1319-M-T08,2026-03-01,
B2_PS1319_M_T09,B2_PS1319_M,9,B2-PS1319-M-T09,2026-03-01,
B2_PS1319_M_T10,B2_PS1319_M,10,B2-PS1319-M-T10,2026-03-01,
B2_PS1319_M_T11,B2_PS1319_M,11,B2-PS1319-M-T11,2026-03-01,
B2_PS1319_M_T12,B2_PS1319_M,12,B2-PS1319-M-T12,2026-03-01,
B2_PS1319_H_T01,B2_PS1319_H,1,B2-PS1319-H-T01,2026-03-01,
B2_PS1319_H_T02,B2_PS1319_H,2,B2-PS1319-H-T02,2026-03-01,
B2_PS1319_H_T03,B2_PS1319_H,3,B2-PS1319-H-T03,2026-03-01,
B2_PS1319_H_T04,B2_PS1319_H,4,B2-PS1319-H-T04,2026-03-01,
B2_PS1319_H_T05,B2_PS1319_H,5,B2-PS1319-H-T05,2026-03-01,
B2_PS1319_H_T06,B2_PS1319_H,6,B2-PS1319-H-T06,2026-03-01,
B2_PS1319_H_T07,B2_PS1319_H,7,B2-PS1319-H-T07,2026-03-01,
B2_PS1319_H_T08,B2_PS1319_H,8,B2-PS1319-H-T08,2026-03-01,
B2_PS1319_H_T09,B2_PS1319_H,9,B2-PS1319-H-T09,2026-03-01,
B2_PS1319_H_T10,B2_PS1319_H,10,B2-PS1319-H-T10,2026-03-01,
B2_PS1319_H_T11,B2_PS1319_H,11,B2-PS1319-H-T11,2026-03-01,
B2_PS1319_H_T12,B2_PS1319_H,12,B2-PS1319-H-T12,2026-03-01,
B3_CCN51_L_T01,B3_CCN51_L,1,B3-CCN51-L-T01,2026-03-01,
B3_CCN51_L_T02,B3_CCN51_L,2,B3-CCN51-L-T02,2026-03-01,
B3_CCN51_L_T03,B3_CCN51_L,3,B3-CCN51-L-T03,2026-03-01,
B3_CCN51_L_T04,B3_CCN51_L,4,B3-CCN51-L-T04,2026-03-01,
B3_CCN51_L_T05,B3_CCN51_L,5,B3-CCN51-L-T05,2026-03-01,
B3_CCN51_L_T06,B3_CCN51_L,6,B3-CCN51-L-T06,2026-03-01,
B3_CCN51_L_T07,B3_CCN51_L,7,B3-CCN51-L-T07,2026-03-01,
B3_CCN51_L_T08,B3_CCN51_L,8,B3-CCN51-L-T08,2026-03-01,
B3_CCN51_L_T09,B3_CCN51_L,9,B3-CCN51-L-T09,2026-03-01,
B3_CCN51_L_T10,B3_CCN51_L,10,B3-CCN51-L-T10,2026-03-01,
B3_CCN51_L_T11,B3_CCN51_L,11,B3-CCN51-L-T11,2026-03-01,
B3_CCN51_L_T12,B3_CCN51_L,12,B3-CCN51-L-T12,2026-03-01,
B3_CCN51_M_T01,B3_CCN51_M,1,B3-CCN51-M-T01,2026-03-01,
B3_CCN51_M_T02,B3_CCN51_M,2,B3-CCN51-M-T02,2026-03-01,
B3_CCN51_M_T03,B3_CCN51_M,3,B3-CCN51-M-T03,2026-03-01,
B3_CCN51_M_T04,B3_CCN51_M,4,B3-CCN51-M-T04,2026-03-01,
B3_CCN51_M_T05,B3_CCN51_M,5,B3-CCN51-M-T05,2026-03-01,
B3_CCN51_M_T06,B3_CCN51_M,6,B3-CCN51-M-T06,2026-03-01,
B3_CCN51_M_T07,B3_CCN51_M,7,B3-CCN51-M-T07,2026-03-01,
B3_CCN51_M_T08,B3_CCN51_M,8,B3-CCN51-M-T08,2026-03-01,
B3_CCN51_M_T09,B3_CCN51_M,9,B3-CCN51-M-T09,2026-03-01,
B3_CCN51_M_T10,B3_CCN51_M,10,B3-CCN51-M-T10,2026-03-01,
B3_CCN51_M_T11,B3_CCN51_M,11,B3-CCN51-M-T11,2026-03-01,
B3_CCN51_M_T12,B3_CCN51_M,12,B3-CCN51-M-T12,2026-03-01,
B3_CCN51_H_T01,B3_CCN51_H,1,B3-CCN51-H-T01,2026-03-01,
B3_CCN51_H_T02,B3_CCN51_H,2,B3-CCN51-H-T02,2026-03-01,
B3_CCN51_H_T03,B3_CCN51_H,3,B3-CCN51-H-T03,2026-03-01,
B3_CCN51_H_T04,B3_CCN51_H,4,B3-CCN51-H-T04,2026-03-01,
B3_CCN51_H_T05,B3_CCN51_H,5,B3-CCN51-H-T05,2026-03-01,
B3_CCN51_H_T06,B3_CCN51_H,6,B3-CCN51-H-T06,2026-03-01,
B3_CCN51_H_T07,B3_CCN51_H,7,B3-CCN51-H-T07,2026-03-01,
B3_CCN51_H_T08,B3_CCN51_H,8,B3-CCN51-H-T08,2026-03-01,
B3_CCN51_H_T09,B3_CCN51_H,9,B3-CCN51-H-T09,2026-03-01,
B3_CCN51_H_T10,B3_CCN51_H,10,B3-CCN51-H-T10,2026-03-01,
B3_CCN51_H_T11,B3_CCN51_H,11,B3-CCN51-H-T11,2026-03-01,
B3_CCN51_H_T12,B3_CCN51_H,12,B3-CCN51-H-T12,2026-03-01,
B3_PS1319_L_T01,B3_PS1319_L,1,B3-PS1319-L-T01,2026-03-01,
B3_PS1319_L_T02,B3_PS1319_L,2,B3-PS1319-L-T02,2026-03-01,
B3_PS1319_L_T03,B3_PS1319_L,3,B3-PS1319-L-T03,2026-03-01,
B3_PS1319_L_T04,B3_PS1319_L,4,B3-PS1319-L-T04,2026-03-01,
B3_PS1319_L_T05,B3_PS1319_L,5,B3-PS1319-L-T05,2026-03-01,
B3_PS1319_L_T06,B3_PS1319_L,6,B3-PS1319-L-T06,2026-03-01,
B3_PS1319_L_T07,B3_PS1319_L,7,B3-PS1319-L-T07,2026-03-01,
B3_PS1319_L_T08,B3_PS1319_L,8,B3-PS1319-L-T08,2026-03-01,
B3_PS1319_L_T09,B3_PS1319_L,9,B3-PS1319-L-T09,2026-03-01,
B3_PS1319_L_T10,B3_PS1319_L,10,B3-PS1319-L-T10,2026-03-01,
B3_PS1319_L_T11,B3_PS1319_L,11,B3-PS1319-L-T11,2026-03-01,
B3_PS1319_L_T12,B3_PS1319_L,12,B3-PS1319-L-T12,2026-03-01,
B3_PS1319_M_T01,B3_PS1319_M,1,B3-PS1319-M-T01,2026-03-01,
B3_PS1319_M_T02,B3_PS1319_M,2,B3-PS1319-M-T02,2026-03-01,
B3_PS1319_M_T03,B3_PS1319_M,3,B3-PS1319-M-T03,2026-03-01,
B3_PS1319_M_T04,B3_PS1319_M,4,B3-PS1319-M-T04,2026-03-01,
B3_PS1319_M_T05,B3_PS1319_M,5,B3-PS1319-M-T05,2026-03-01,
B3_PS1319_M_T06,B3_PS1319_M,6,B3-PS1319-M-T06,2026-03-01,
B3_PS1319_M_T07,B3_PS1319_M,7,B3-PS1319-M-T07,2026-03-01,
B3_PS1319_M_T08,B3_PS1319_M,8,B3-PS1319-M-T08,2026-03-01,
B3_PS1319_M_T09,B3_PS1319_M,9,B3-PS1319-M-T09,2026-03-01,
B3_PS1319_M_T10,B3_PS1319_M,10,B3-PS1319-M-T10,2026-03-01,
B3_PS1319_M_T11,B3_PS1319_M,11,B3-PS1319-M-T11,2026-03-01,
B3_PS1319_M_T12,B3_PS1319_M,12,B3-PS1319-M-T12,2026-03-01,
B3_PS1319_H_T01,B3_PS1319_H,1,B3-PS1319-H-T01,2026-03-01,
B3_PS1319_H_T02,B3_PS1319_H,2,B3-PS1319-H-T02,2026-03-01,
B3_PS1319_H_T03,B3_PS1319_H,3,B3-PS1319-H-T03,2026-03-01,
B3_PS1319_H_T04,B3_PS1319_H,4,B3-PS1319-H-T04,2026-03-01,
B3_PS1319_H_T05,B3_PS1319_H,5,B3-PS1319-H-T05,2026-03-01,
B3_PS1319_H_T06,B3_PS1319_H,6,B3-PS1319-H-T06,2026-03-01,
B3_PS1319_H_T07,B3_PS1319_H,7,B3-PS1319-H-T07,2026-03-01,
B3_PS1319_H_T08,B3_PS1319_H,8,B3-PS1319-H-T08,2026-03-01,
B3_PS1319_H_T09,B3_PS1319_H,9,B3-PS1319-H-T09,2026-03-01,
B3_PS1319_H_T10,B3_PS1319_H,10,B3-PS1319-H-T10,2026-03-01,
B3_PS1319_H_T11,B3_PS1319_H,11,B3-PS1319-H-T11,2026-03-01,
B3_PS1319_H_T12,B3_PS1319_H,12,B3-PS1319-H-T12,2026-03-01,
B4_CCN51_L_T01,B4_CCN51_L,1,B4-CCN51-L-T01,2026-03-01,
B4_CCN51_L_T02,B4_CCN51_L,2,B4-CCN51-L-T02,2026-03-01,
B4_CCN51_L_T03,B4_CCN51_L,3,B4-CCN51-L-T03,2026-03-01,
B4_CCN51_L_T04,B4_CCN51_L,4,B4-CCN51-L-T04,2026-03-01,
B4_CCN51_L_T05,B4_CCN51_L,5,B4-CCN51-L-T05,2026-03-01,
B4_CCN51_L_T06,B4_CCN51_L,6,B4-CCN51-L-T06,2026-03-01,
B4_CCN51_L_T07,B4_CCN51_L,7,B4-CCN51-L-T07,2026-03-01,
B4_CCN51_L_T08,B4_CCN51_L,8,B4-CCN51-L-T08,2026-03-01,
B4_CCN51_L_T09,B4_CCN51_L,9,B4-CCN51-L-T09,2026-03-01,
B4_CCN51_L_T10,B4_CCN51_L,10,B4-CCN51-L-T10,2026-03-01,
B4_CCN51_L_T11,B4_CCN51_L,11,B4-CCN51-L-T11,2026-03-01,
B4_CCN51_L_T12,B4_CCN51_L,12,B4-CCN51-L-T12,2026-03-01,
B4_CCN51_M_T01,B4_CCN51_M,1,B4-CCN51-M-T01,2026-03-01,
B4_CCN51_M_T02,B4_CCN51_M,2,B4-CCN51-M-T02,2026-03-01,
B4_CCN51_M_T03,B4_CCN51_M,3,B4-CCN51-M-T03,2026-03-01,
B4_CCN51_M_T04,B4_CCN51_M,4,B4-CCN51-M-T04,2026-03-01,
B4_CCN51_M_T05,B4_CCN51_M,5,B4-CCN51-M-T05,2026-03-01,
B4_CCN51_M_T06,B4_CCN51_M,6,B4-CCN51-M-T06,2026-03-01,
B4_CCN51_M_T07,B4_CCN51_M,7,B4-CCN51-M-T07,2026-03-01,
B4_CCN51_M_T08,B4_CCN51_M,8,B4-CCN51-M-T08,2026-03-01,
B4_CCN51_M_T09,B4_CCN51_M,9,B4-CCN51-M-T09,2026-03-01,
B4_CCN51_M_T10,B4_CCN51_M,10,B4-CCN51-M-T10,2026-03-01,
B4_CCN51_M_T11,B4_CCN51_M,11,B4-CCN51-M-T11,2026-03-01,
B4_CCN51_M_T12,B4_CCN51_M,12,B4-CCN51-M-T12,2026-03-01,
B4_CCN51_H_T01,B4_CCN51_H,1,B4-CCN51-H-T01,2026-03-01,
B4_CCN51_H_T02,B4_CCN51_H,2,B4-CCN51-H-T02,2026-03-01,
B4_CCN51_H_T03,B4_CCN51_H,3,B4-CCN51-H-T03,2026-03-01,
B4_CCN51_H_T04,B4_CCN51_H,4,B4-CCN51-H-T04,2026-03-01,
B4_CCN51_H_T05,B4_CCN51_H,5,B4-CCN51-H-T05,2026-03-01,
B4_CCN51_H_T06,B4_CCN51_H,6,B4-CCN51-H-T06,2026-03-01,
B4_CCN51_H_T07,B4_CCN51_H,7,B4-CCN51-H-T07,2026-03-01,
B4_CCN51_H_T08,B4_CCN51_H,8,B4-CCN51-H-T08,2026-03-01,
B4_CCN51_H_T09,B4_CCN51_H,9,B4-CCN51-H-T09,2026-03-01,
B4_CCN51_H_T10,B4_CCN51_H,10,B4-CCN51-H-T10,2026-03-01,
B4_CCN51_H_T11,B4_CCN51_H,11,B4-CCN51-H-T11,2026-03-01,
B4_CCN51_H_T12,B4_CCN51_H,12,B4-CCN51-H-T12,2026-03-01,
B4_PS1319_L_T01,B4_PS1319_L,1,B4-PS1319-L-T01,2026-03-01,
B4_PS1319_L_T02,B4_PS1319_L,2,B4-PS1319-L-T02,2026-03-01,
B4_PS1319_L_T03,B4_PS1319_L,3,B4-PS1319-L-T03,2026-03-01,
B4_PS1319_L_T04,B4_PS1319_L,4,B4-PS1319-L-T04,2026-03-01,
B4_PS1319_L_T05,B4_PS1319_L,5,B4-PS1319-L-T05,2026-03-01,
B4_PS1319_L_T06,B4_PS1319_L,6,B4-PS1319-L-T06,2026-03-01,
B4_PS1319_L_T07,B4_PS1319_L,7,B4-PS1319-L-T07,2026-03-01,
B4_PS1319_L_T08,B4_PS1319_L,8,B4-PS1319-L-T08,2026-03-01,
B4_PS1319_L_T09,B4_PS1319_L,9,B4-PS1319-L-T09,2026-03-01,
B4_PS1319_L_T10,B4_PS1319_L,10,B4-PS1319-L-T10,2026-03-01,
B4_PS1319_L_T11,B4_PS1319_L,11,B4-PS1319-L-T11,2026-03-01,
B4_PS1319_L_T12,B4_PS1319_L,12,B4-PS1319-L-T12,2026-03-01,
B4_PS1319_M_T01,B4_PS1319_M,1,B4-PS1319-M-T01,2026-03-01,
B4_PS1319_M_T02,B4_PS1319_M,2,B4-PS1319-M-T02,2026-03-01,
B4_PS1319_M_T03,B4_PS1319_M,3,B4-PS1319-M-T03,2026-03-01,
B4_PS1319_M_T04,B4_PS1319_M,4,B4-PS1319-M-T04,2026-03-01,
B4_PS1319_M_T05,B4_PS1319_M,5,B4-PS1319-M-T05,2026-03-01,
B4_PS1319_M_T06,B4_PS1319_M,6,B4-PS1319-M-T06,2026-03-01,
B4_PS1319_M_T07,B4_PS1319_M,7,B4-PS1319-M-T07,2026-03-01,
B4_PS1319_M_T08,B4_PS1319_M,8,B4-PS1319-M-T08,2026-03-01,
B4_PS1319_M_T09,B4_PS1319_M,9,B4-PS1319-M-T09,2026-03-01,
B4_PS1319_M_T10,B4_PS1319_M,10,B4-PS1319-M-T10,2026-03-01,
B4_PS1319_M_T11,B4_PS1319_M,11,B4-PS1319-M-T11,2026-03-01,
B4_PS1319_M_T12,B4_PS1319_M,12,B4-PS1319-M-T12,2026-03-01,
B4_PS1319_H_T01,B4_PS1319_H,1,B4-PS1319-H-T01,2026-03-01,
B4_PS1319_H_T02,B4_PS1319_H,2,B4-PS1319-H-T02,2026-03-01,
B4_PS1319_H_T03,B4_PS1319_H,3,B4-PS1319-H-T03,2026-03-01,
B4_PS1319_H_T04,B4_PS1319_H,4,B4-PS1319-H-T04,2026-03-01,
B4_PS1319_H_T05,B4_PS1319_H,5,B4-PS1319-H-T05,2026-03-01,
B4_PS1319_H_T06,B4_PS1319_H,6,B4-PS1319-H-T06,2026-03-01,
B4_PS1319_H_T07,B4_PS1319_H,7,B4-PS1319-H-T07,2026-03-01,
B4_PS1319_H_T08,B4_PS1319_H,8,B4-PS1319-H-T08,2026-03-01,
B4_PS1319_H_T09,B4_PS1319_H,9,B4-PS1319-H-T09,2026-03-01,
B4_PS1319_H_T10,B4_PS1319_H,10,B4-PS1319-H-T10,2026-03-01,
B4_PS1319_H_T11,B4_PS1319_H,11,B4-PS1319-H-T11,2026-03-01,
B4_PS1319_H_T12,B4_PS1319_H,12,B4-PS1319-H-T12,2026-03-01,
B5_CCN51_L_T01,B5_CCN51_L,1,B5-CCN51-L-T01,2026-03-01,
B5_CCN51_L_T02,B5_CCN51_L,2,B5-CCN51-L-T02,2026-03-01,
B5_CCN51_L_T03,B5_CCN51_L,3,B5-CCN51-L-T03,2026-03-01,
B5_CCN51_L_T04,B5_CCN51_L,4,B5-CCN51-L-T04,2026-03-01,
B5_CCN51_L_T05,B5_CCN51_L,5,B5-CCN51-L-T05,2026-03-01,
B5_CCN51_L_T06,B5_CCN51_L,6,B5-CCN51-L-T06,2026-03-01,
B5_CCN51_L_T07,B5_CCN51_L,7,B5-CCN51-L-T07,2026-03-01,
B5_CCN51_L_T08,B5_CCN51_L,8,B5-CCN51-L-T08,2026-03-01,
B5_CCN51_L_T09,B5_CCN51_L,9,B5-CCN51-L-T09,2026-03-01,
B5_CCN51_L_T10,B5_CCN51_L,10,B5-CCN51-L-T10,2026-03-01,
B5_CCN51_L_T11,B5_CCN51_L,11,B5-CCN51-L-T11,2026-03-01,
B5_CCN51_L_T12,B5_CCN51_L,12,B5-CCN51-L-T12,2026-03-01,
B5_CCN51_M_T01,B5_CCN51_M,1,B5-CCN51-M-T01,2026-03-01,
B5_CCN51_M_T02,B5_CCN51_M,2,B5-CCN51-M-T02,2026-03-01,
B5_CCN51_M_T03,B5_CCN51_M,3,B5-CCN51-M-T03,2026-03-01,
B5_CCN51_M_T04,B5_CCN51_M,4,B5-CCN51-M-T04,2026-03-01,
B5_CCN51_M_T05,B5_CCN51_M,5,B5-CCN51-M-T05,2026-03-01,
B5_CCN51_M_T06,B5_CCN51_M,6,B5-CCN51-M-T06,2026-03-01,
B5_CCN51_M_T07,B5_CCN51_M,7,B5-CCN51-M-T07,2026-03-01,
B5_CCN51_M_T08,B5_CCN51_M,8,B5-CCN51-M-T08,2026-03-01,
B5_CCN51_M_T09,B5_CCN51_M,9,B5-CCN51-M-T09,2026-03-01,
B5_CCN51_M_T10,B5_CCN51_M,10,B5-CCN51-M-T10,2026-03-01,
B5_CCN51_M_T11,B5_CCN51_M,11,B5-CCN51-M-T11,2026-03-01,
B5_CCN51_M_T12,B5_CCN51_M,12,B5-CCN51-M-T12,2026-03-01,
B5_CCN51_H_T01,B5_CCN51_H,1,B5-CCN51-H-T01,2026-03-01,
B5_CCN51_H_T02,B5_CCN51_H,2,B5-CCN51-H-T02,2026-03-01,
B5_CCN51_H_T03,B5_CCN51_H,3,B5-CCN51-H-T03,2026-03-01,
B5_CCN51_H_T04,B5_CCN51_H,4,B5-CCN51-H-T04,2026-03-01,
B5_CCN51_H_T05,B5_CCN51_H,5,B5-CCN51-H-T05,2026-03-01,
B5_CCN51_H_T06,B5_CCN51_H,6,B5-CCN51-H-T06,2026-03-01,
B5_CCN51_H_T07,B5_CCN51_H,7,B5-CCN51-H-T07,2026-03-01,
B5_CCN51_H_T08,B5_CCN51_H,8,B5-CCN51-H-T08,2026-03-01,
B5_CCN51_H_T09,B5_CCN51_H,9,B5-CCN51-H-T09,2026-03-01,
B5_CCN51_H_T10,B5_CCN51_H,10,B5-CCN51-H-T10,2026-03-01,
B5_CCN51_H_T11,B5_CCN51_H,11,B5-CCN51-H-T11,2026-03-01,
B5_CCN51_H_T12,B5_CCN51_H,12,B5-CCN51-H-T12,2026-03-01,
B5_PS1319_L_T01,B5_PS1319_L,1,B5-PS1319-L-T01,2026-03-01,
B5_PS1319_L_T02,B5_PS1319_L,2,B5-PS1319-L-T02,2026-03-01,
B5_PS1319_L_T03,B5_PS1319_L,3,B5-PS1319-L-T03,2026-03-01,
B5_PS1319_L_T04,B5_PS1319_L,4,B5-PS1319-L-T04,2026-03-01,
B5_PS1319_L_T05,B5_PS1319_L,5,B5-PS1319-L-T05,2026-03-01,
B5_PS1319_L_T06,B5_PS1319_L,6,B5-PS1319-L-T06,2026-03-01,
B5_PS1319_L_T07,B5_PS1319_L,7,B5-PS1319-L-T07,2026-03-01,
B5_PS1319_L_T08,B5_PS1319_L,8,B5-PS1319-L-T08,2026-03-01,
B5_PS1319_L_T09,B5_PS1319_L,9,B5-PS1319-L-T09,2026-03-01,
B5_PS1319_L_T10,B5_PS1319_L,10,B5-PS1319-L-T10,2026-03-01,
B5_PS1319_L_T11,B5_PS1319_L,11,B5-PS1319-L-T11,2026-03-01,
B5_PS1319_L_T12,B5_PS1319_L,12,B5-PS1319-L-T12,2026-03-01,
B5_PS1319_M_T01,B5_PS1319_M,1,B5-PS1319-M-T01,2026-03-01,
B5_PS1319_M_T02,B5_PS1319_M,2,B5-PS1319-M-T02,2026-03-01,
B5_PS1319_M_T03,B5_PS1319_M,3,B5-PS1319-M-T03,2026-03-01,
B5_PS1319_M_T04,B5_PS1319_M,4,B5-PS1319-M-T04,2026-03-01,
B5_PS1319_M_T05,B5_PS1319_M,5,B5-PS1319-M-T05,2026-03-01,
B5_PS1319_M_T06,B5_PS1319_M,6,B5-PS1319-M-T06,2026-03-01,
B5_PS1319_M_T07,B5_PS1319_M,7,B5-PS1319-M-T07,2026-03-01,
B5_PS1319_M_T08,B5_PS1319_M,8,B5-PS1319-M-T08,2026-03-01,
B5_PS1319_M_T09,B5_PS1319_M,9,B5-PS1319-M-T09,2026-03-01,
B5_PS1319_M_T10,B5_PS1319_M,10,B5-PS1319-M-T10,2026-03-01,
B5_PS1319_M_T11,B5_PS1319_M,11,B5-PS1319-M-T11,2026-03-01,
B5_PS1319_M_T12,B5_PS1319_M,12,B5-PS1319-M-T12,2026-03-01,
B5_PS1319_H_T01,B5_PS1319_H,1,B5-PS1319-H-T01,2026-03-01,
B5_PS1319_H_T02,B5_PS1319_H,2,B5-PS1319-H-T02,2026-03-01,
B5_PS1319_H_T03,B5_PS1319_H,3,B5-PS1319-H-T03,2026-03-01,
B5_PS1319_H_T04,B5_PS1319_H,4,B5-PS1319-H-T04,2026-03-01,
B5_PS1319_H_T05,B5_PS1319_H,5,B5-PS1319-H-T05,2026-03-01,
B5_PS1319_H_T06,B5_PS1319_H,6,B5-PS1319-H-T06,2026-03-01,
B5_PS1319_H_T07,B5_PS1319_H,7,B5-PS1319-H-T07,2026-03-01,
B5_PS1319_H_T08,B5_PS1319_H,8,B5-PS1319-H-T08,2026-03-01,
B5_PS1319_H_T09,B5_PS1319_H,9,B5-PS1319-H-T09,2026-03-01,
B5_PS1319_H_T10,B5_PS1319_H,10,B5-PS1319-H-T10,2026-03-01,
B5_PS1319_H_T11,B5_PS1319_H,11,B5-PS1319-H-T11,2026-03-01,
B5_PS1319_H_T12,B5_PS1319_H,12,B5-PS1319-H-T12,2026-03-01,
B6_CCN51_L_T01,B6_CCN51_L,1,B6-CCN51-L-T01,2026-03-01,
B6_CCN51_L_T02,B6_CCN51_L,2,B6-CCN51-L-T02,2026-03-01,
B6_CCN51_L_T03,B6_CCN51_L,3,B6-CCN51-L-T03,2026-03-01,
B6_CCN51_L_T04,B6_CCN51_L,4,B6-CCN51-L-T04,2026-03-01,
B6_CCN51_L_T05,B6_CCN51_L,5,B6-CCN51-L-T05,2026-03-01,
B6_CCN51_L_T06,B6_CCN51_L,6,B6-CCN51-L-T06,2026-03-01,
B6_CCN51_L_T07,B6_CCN51_L,7,B6-CCN51-L-T07,2026-03-01,
B6_CCN51_L_T08,B6_CCN51_L,8,B6-CCN51-L-T08,2026-03-01,
B6_CCN51_L_T09,B6_CCN51_L,9,B6-CCN51-L-T09,2026-03-01,
B6_CCN51_L_T10,B6_CCN51_L,10,B6-CCN51-L-T10,2026-03-01,
B6_CCN51_L_T11,B6_CCN51_L,11,B6-CCN51-L-T11,2026-03-01,
B6_CCN51_L_T12,B6_CCN51_L,12,B6-CCN51-L-T12,2026-03-01,
B6_CCN51_M_T01,B6_CCN51_M,1,B6-CCN51-M-T01,2026-03-01,
B6_CCN51_M_T02,B6_CCN51_M,2,B6-CCN51-M-T02,2026-03-01,
B6_CCN51_M_T03,B6_CCN51_M,3,B6-CCN51-M-T03,2026-03-01,
B6_CCN51_M_T04,B6_CCN51_M,4,B6-CCN51-M-T04,2026-03-01,
B6_CCN51_M_T05,B6_CCN51_M,5,B6-CCN51-M-T05,2026-03-01,
B6_CCN51_M_T06,B6_CCN51_M,6,B6-CCN51-M-T06,2026-03-01,
B6_CCN51_M_T07,B6_CCN51_M,7,B6-CCN51-M-T07,2026-03-01,
B6_CCN51_M_T08,B6_CCN51_M,8,B6-CCN51-M-T08,2026-03-01,
B6_CCN51_M_T09,B6_CCN51_M,9,B6-CCN51-M-T09,2026-03-01,
B6_CCN51_M_T10,B6_CCN51_M,10,B6-CCN51-M-T10,2026-03-01,
B6_CCN51_M_T11,B6_CCN51_M,11,B6-CCN51-M-T11,2026-03-01,
B6_CCN51_M_T12,B6_CCN51_M,12,B6-CCN51-M-T12,2026-03-01,
B6_CCN51_H_T01,B6_CCN51_H,1,B6-CCN51-H-T01,2026-03-01,
B6_CCN51_H_T02,B6_CCN51_H,2,B6-CCN51-H-T02,2026-03-01,
B6_CCN51_H_T03,B6_CCN51_H,3,B6-CCN51-H-T03,2026-03-01,
B6_CCN51_H_T04,B6_CCN51_H,4,B6-CCN51-H-T04,2026-03-01,
B6_CCN51_H_T05,B6_CCN51_H,5,B6-CCN51-H-T05,2026-03-01,
B6_CCN51_H_T06,B6_CCN51_H,6,B6-CCN51-H-T06,2026-03-01,
B6_CCN51_H_T07,B6_CCN51_H,7,B6-CCN51-H-T07,2026-03-01,
B6_CCN51_H_T08,B6_CCN51_H,8,B6-CCN51-H-T08,2026-03-01,
B6_CCN51_H_T09,B6_CCN51_H,9,B6-CCN51-H-T09,2026-03-01,
B6_CCN51_H_T10,B6_CCN51_H,10,B6-CCN51-H-T10,2026-03-01,
B6_CCN51_H_T11,B6_CCN51_H,11,B6-CCN51-H-T11,2026-03-01,
B6_CCN51_H_T12,B6_CCN51_H,12,B6-CCN51-H-T12,2026-03-01,
B6_PS1319_L_T01,B6_PS1319_L,1,B6-PS1319-L-T01,2026-03-01,
B6_PS1319_L_T02,B6_PS1319_L,2,B6-PS1319-L-T02,2026-03-01,
B6_PS1319_L_T03,B6_PS1319_L,3,B6-PS1319-L-T03,2026-03-01,
B6_PS1319_L_T04,B6_PS1319_L,4,B6-PS1319-L-T04,2026-03-01,
B6_PS1319_L_T05,B6_PS1319_L,5,B6-PS1319-L-T05,2026-03-01,
B6_PS1319_L_T06,B6_PS1319_L,6,B6-PS1319-L-T06,2026-03-01,
B6_PS1319_L_T07,B6_PS1319_L,7,B6-PS1319-L-T07,2026-03-01,
B6_PS1319_L_T08,B6_PS1319_L,8,B6-PS1319-L-T08,2026-03-01,
B6_PS1319_L_T09,B6_PS1319_L,9,B6-PS1319-L-T09,2026-03-01,
B6_PS1319_L_T10,B6_PS1319_L,10,B6-PS1319-L-T10,2026-03-01,
B6_PS1319_L_T11,B6_PS1319_L,11,B6-PS1319-L-T11,2026-03-01,
B6_PS1319_L_T12,B6_PS1319_L,12,B6-PS1319-L-T12,2026-03-01,
B6_PS1319_M_T01,B6_PS1319_M,1,B6-PS1319-M-T01,2026-03-01,
B6_PS1319_M_T02,B6_PS1319_M,2,B6-PS1319-M-T02,2026-03-01,
B6_PS1319_M_T03,B6_PS1319_M,3,B6-PS1319-M-T03,2026-03-01,
B6_PS1319_M_T04,B6_PS1319_M,4,B6-PS1319-M-T04,2026-03-01,
B6_PS1319_M_T05,B6_PS1319_M,5,B6-PS1319-M-T05,2026-03-01,
B6_PS1319_M_T06,B6_PS1319_M,6,B6-PS1319-M-T06,2026-03-01,
B6_PS1319_M_T07,B6_PS1319_M,7,B6-PS1319-M-T07,2026-03-01,
B6_PS1319_M_T08,B6_PS1319_M,8,B6-PS1319-M-T08,2026-03-01,
B6_PS1319_M_T09,B6_PS1319_M,9,B6-PS1319-M-T09,2026-03-01,
B6_PS1319_M_T10,B6_PS1319_M,10,B6-PS1319-M-T10,2026-03-01,
B6_PS1319_M_T11,B6_PS1319_M,11,B6-PS1319-M-T11,2026-03-01,
B6_PS1319_M_T12,B6_PS1319_M,12,B6-PS1319-M-T12,2026-03-01,
B6_PS1319_H_T01,B6_PS1319_H,1,B6-PS1319-H-T01,2026-03-01,
B6_PS1319_H_T02,B6_PS1319_H,2,B6-PS1319-H-T02,2026-03-01,
B6_PS1319_H_T03,B6_PS1319_H,3,B6-PS1319-H-T03,2026-03-01,
B6_PS1319_H_T04,B6_PS1319_H,4,B6-PS1319-H-T04,2026-03-01,
B6_PS1319_H_T05,B6_PS1319_H,5,B6-PS1319-H-T05,2026-03-01,
B6_PS1319_H_T06,B6_PS1319_H,6,B6-PS1319-H-T06,2026-03-01,
B6_PS1319_H_T07,B6_PS1319_H,7,B6-PS1319-H-T07,2026-03-01,
B6_PS1319_H_T08,B6_PS1319_H,8,B6-PS1319-H-T08,2026-03-01,
B6_PS1319_H_T09,B6_PS1319_H,9,B6-PS1319-H-T09,2026-03-01,
B6_PS1319_H_T10,B6_PS1319_H,10,B6-PS1319-H-T10,2026-03-01,
B6_PS1319_H_T11,B6_PS1319_H,11,B6-PS1319-H-T11,2026-03-01,
B6_PS1319_H_T12,B6_PS1319_H,12,B6-PS1319-H-T12,2026-03-01,
B7_CCN51_L_T01,B7_CCN51_L,1,B7-CCN51-L-T01,2026-03-01,
B7_CCN51_L_T02,B7_CCN51_L,2,B7-CCN51-L-T02,2026-03-01,
B7_CCN51_L_T03,B7_CCN51_L,3,B7-CCN51-L-T03,2026-03-01,
B7_CCN51_L_T04,B7_CCN51_L,4,B7-CCN51-L-T04,2026-03-01,
B7_CCN51_L_T05,B7_CCN51_L,5,B7-CCN51-L-T05,2026-03-01,
B7_CCN51_L_T06,B7_CCN51_L,6,B7-CCN51-L-T06,2026-03-01,
B7_CCN51_L_T07,B7_CCN51_L,7,B7-CCN51-L-T07,2026-03-01,
B7_CCN51_L_T08,B7_CCN51_L,8,B7-CCN51-L-T08,2026-03-01,
B7_CCN51_L_T09,B7_CCN51_L,9,B7-CCN51-L-T09,2026-03-01,
B7_CCN51_L_T10,B7_CCN51_L,10,B7-CCN51-L-T10,2026-03-01,
B7_CCN51_L_T11,B7_CCN51_L,11,B7-CCN51-L-T11,2026-03-01,
B7_CCN51_L_T12,B7_CCN51_L,12,B7-CCN51-L-T12,2026-03-01,
B7_CCN51_M_T01,B7_CCN51_M,1,B7-CCN51-M-T01,2026-03-01,
B7_CCN51_M_T02,B7_CCN51_M,2,B7-CCN51-M-T02,2026-03-01,
B7_CCN51_M_T03,B7_CCN51_M,3,B7-CCN51-M-T03,2026-03-01,
B7_CCN51_M_T04,B7_CCN51_M,4,B7-CCN51-M-T04,2026-03-01,
B7_CCN51_M_T05,B7_CCN51_M,5,B7-CCN51-M-T05,2026-03-01,
B7_CCN51_M_T06,B7_CCN51_M,6,B7-CCN51-M-T06,2026-03-01,
B7_CCN51_M_T07,B7_CCN51_M,7,B7-CCN51-M-T07,2026-03-01,
B7_CCN51_M_T08,B7_CCN51_M,8,B7-CCN51-M-T08,2026-03-01,
B7_CCN51_M_T09,B7_CCN51_M,9,B7-CCN51-M-T09,2026-03-01,
B7_CCN51_M_T10,B7_CCN51_M,10,B7-CCN51-M-T10,2026-03-01,
B7_CCN51_M_T11,B7_CCN51_M,11,B7-CCN51-M-T11,2026-03-01,
B7_CCN51_M_T12,B7_CCN51_M,12,B7-CCN51-M-T12,2026-03-01,
B7_CCN51_H_T01,B7_CCN51_H,1,B7-CCN51-H-T01,2026-03-01,
B7_CCN51_H_T02,B7_CCN51_H,2,B7-CCN51-H-T02,2026-03-01,
B7_CCN51_H_T03,B7_CCN51_H,3,B7-CCN51-H-T03,2026-03-01,
B7_CCN51_H_T04,B7_CCN51_H,4,B7-CCN51-H-T04,2026-03-01,
B7_CCN51_H_T05,B7_CCN51_H,5,B7-CCN51-H-T05,2026-03-01,
B7_CCN51_H_T06,B7_CCN51_H,6,B7-CCN51-H-T06,2026-03-01,
B7_CCN51_H_T07,B7_CCN51_H,7,B7-CCN51-H-T07,2026-03-01,
B7_CCN51_H_T08,B7_CCN51_H,8,B7-CCN51-H-T08,2026-03-01,
B7_CCN51_H_T09,B7_CCN51_H,9,B7-CCN51-H-T09,2026-03-01,
B7_CCN51_H_T10,B7_CCN51_H,10,B7-CCN51-H-T10,2026-03-01,
B7_CCN51_H_T11,B7_CCN51_H,11,B7-CCN51-H-T11,2026-03-01,
B7_CCN51_H_T12,B7_CCN51_H,12,B7-CCN51-H-T12,2026-03-01,
B7_PS1319_L_T01,B7_PS1319_L,1,B7-PS1319-L-T01,2026-03-01,
B7_PS1319_L_T02,B7_PS1319_L,2,B7-PS1319-L-T02,2026-03-01,
B7_PS1319_L_T03,B7_PS1319_L,3,B7-PS1319-L-T03,2026-03-01,
B7_PS1319_L_T04,B7_PS1319_L,4,B7-PS1319-L-T04,2026-03-01,
B7_PS1319_L_T05,B7_PS1319_L,5,B7-PS1319-L-T05,2026-03-01,
B7_PS1319_L_T06,B7_PS1319_L,6,B7-PS1319-L-T06,2026-03-01,
B7_PS1319_L_T07,B7_PS1319_L,7,B7-PS1319-L-T07,2026-03-01,
B7_PS1319_L_T08,B7_PS1319_L,8,B7-PS1319-L-T08,2026-03-01,
B7_PS1319_L_T09,B7_PS1319_L,9,B7-PS1319-L-T09,2026-03-01,
B7_PS1319_L_T10,B7_PS1319_L,10,B7-PS1319-L-T10,2026-03-01,
B7_PS1319_L_T11,B7_PS1319_L,11,B7-PS1319-L-T11,2026-03-01,
B7_PS1319_L_T12,B7_PS1319_L,12,B7-PS1319-L-T12,2026-03-01,
B7_PS1319_M_T01,B7_PS1319_M,1,B7-PS1319-M-T01,2026-03-01,
B7_PS1319_M_T02,B7_PS1319_M,2,B7-PS1319-M-T02,2026-03-01,
B7_PS1319_M_T03,B7_PS1319_M,3,B7-PS1319-M-T03,2026-03-01,
B7_PS1319_M_T04,B7_PS1319_M,4,B7-PS1319-M-T04,2026-03-01,
B7_PS1319_M_T05,B7_PS1319_M,5,B7-PS1319-M-T05,2026-03-01,
B7_PS1319_M_T06,B7_PS1319_M,6,B7-PS1319-M-T06,2026-03-01,
B7_PS1319_M_T07,B7_PS1319_M,7,B7-PS1319-M-T07,2026-03-01,
B7_PS1319_M_T08,B7_PS1319_M,8,B7-PS1319-M-T08,2026-03-01,
B7_PS1319_M_T09,B7_PS1319_M,9,B7-PS1319-M-T09,2026-03-01,
B7_PS1319_M_T10,B7_PS1319_M,10,B7-PS1319-M-T10,2026-03-01,
B7_PS1319_M_T11,B7_PS1319_M,11,B7-PS1319-M-T11,2026-03-01,
B7_PS1319_M_T12,B7_PS1319_M,12,B7-PS1319-M-T12,2026-03-01,
B7_PS1319_H_T01,B7_PS1319_H,1,B7-PS1319-H-T01,2026-03-01,
B7_PS1319_H_T02,B7_PS1319_H,2,B7-PS1319-H-T02,2026-03-01,
B7_PS1319_H_T03,B7_PS1319_H,3,B7-PS1319-H-T03,2026-03-01,
B7_PS1319_H_T04,B7_PS1319_H,4,B7-PS1319-H-T04,2026-03-01,
B7_PS1319_H_T05,B7_PS1319_H,5,B7-PS1319-H-T05,2026-03-01,
B7_PS1319_H_T06,B7_PS1319_H,6,B7-PS1319-H-T06,2026-03-01,
B7_PS1319_H_T07,B7_PS1319_H,7,B7-PS1319-H-T07,2026-03-01,
B7_PS1319_H_T08,B7_PS1319_H,8,B7-PS1319-H-T08,2026-03-01,
B7_PS1319_H_T09,B7_PS1319_H,9,B7-PS1319-H-T09,2026-03-01,
B7_PS1319_H_T10,B7_PS1319_H,10,B7-PS1319-H-T10,2026-03-01,
B7_PS1319_H_T11,B7_PS1319_H,11,B7-PS1319-H-T11,2026-03-01,
B7_PS1319_H_T12,B7_PS1319_H,12,B7-PS1319-H-T12,2026-03-01,
B8_CCN51_L_T01,B8_CCN51_L,1,B8-CCN51-L-T01,2026-03-01,
B8_CCN51_L_T02,B8_CCN51_L,2,B8-CCN51-L-T02,2026-03-01,
B8_CCN51_L_T03,B8_CCN51_L,3,B8-CCN51-L-T03,2026-03-01,
B8_CCN51_L_T04,B8_CCN51_L,4,B8-CCN51-L-T04,2026-03-01,
B8_CCN51_L_T05,B8_CCN51_L,5,B8-CCN51-L-T05,2026-03-01,
B8_CCN51_L_T06,B8_CCN51_L,6,B8-CCN51-L-T06,2026-03-01,
B8_CCN51_L_T07,B8_CCN51_L,7,B8-CCN51-L-T07,2026-03-01,
B8_CCN51_L_T08,B8_CCN51_L,8,B8-CCN51-L-T08,2026-03-01,
B8_CCN51_L_T09,B8_CCN51_L,9,B8-CCN51-L-T09,2026-03-01,
B8_CCN51_L_T10,B8_CCN51_L,10,B8-CCN51-L-T10,2026-03-01,
B8_CCN51_L_T11,B8_CCN51_L,11,B8-CCN51-L-T11,2026-03-01,
B8_CCN51_L_T12,B8_CCN51_L,12,B8-CCN51-L-T12,2026-03-01,
B8_CCN51_M_T01,B8_CCN51_M,1,B8-CCN51-M-T01,2026-03-01,
B8_CCN51_M_T02,B8_CCN51_M,2,B8-CCN51-M-T02,2026-03-01,
B8_CCN51_M_T03,B8_CCN51_M,3,B8-CCN51-M-T03,2026-03-01,
B8_CCN51_M_T04,B8_CCN51_M,4,B8-CCN51-M-T04,2026-03-01,
B8_CCN51_M_T05,B8_CCN51_M,5,B8-CCN51-M-T05,2026-03-01,
B8_CCN51_M_T06,B8_CCN51_M,6,B8-CCN51-M-T06,2026-03-01,
B8_CCN51_M_T07,B8_CCN51_M,7,B8-CCN51-M-T07,2026-03-01,
B8_CCN51_M_T08,B8_CCN51_M,8,B8-CCN51-M-T08,2026-03-01,
B8_CCN51_M_T09,B8_CCN51_M,9,B8-CCN51-M-T09,2026-03-01,
B8_CCN51_M_T10,B8_CCN51_M,10,B8-CCN51-M-T10,2026-03-01,
B8_CCN51_M_T11,B8_CCN51_M,11,B8-CCN51-M-T11,2026-03-01,
B8_CCN51_M_T12,B8_CCN51_M,12,B8-CCN51-M-T12,2026-03-01,
B8_CCN51_H_T01,B8_CCN51_H,1,B8-CCN51-H-T01,2026-03-01,
B8_CCN51_H_T02,B8_CCN51_H,2,B8-CCN51-H-T02,2026-03-01,
B8_CCN51_H_T03,B8_CCN51_H,3,B8-CCN51-H-T03,2026-03-01,
B8_CCN51_H_T04,B8_CCN51_H,4,B8-CCN51-H-T04,2026-03-01,
B8_CCN51_H_T05,B8_CCN51_H,5,B8-CCN51-H-T05,2026-03-01,
B8_CCN51_H_T06,B8_CCN51_H,6,B8-CCN51-H-T06,2026-03-01,
B8_CCN51_H_T07,B8_CCN51_H,7,B8-CCN51-H-T07,2026-03-01,
B8_CCN51_H_T08,B8_CCN51_H,8,B8-CCN51-H-T08,2026-03-01,
B8_CCN51_H_T09,B8_CCN51_H,9,B8-CCN51-H-T09,2026-03-01,
B8_CCN51_H_T10,B8_CCN51_H,10,B8-CCN51-H-T10,2026-03-01,
B8_CCN51_H_T11,B8_CCN51_H,11,B8-CCN51-H-T11,2026-03-01,
B8_CCN51_H_T12,B8_CCN51_H,12,B8-CCN51-H-T12,2026-03-01,
B8_PS1319_L_T01,B8_PS1319_L,1,B8-PS1319-L-T01,2026-03-01,
B8_PS1319_L_T02,B8_PS1319_L,2,B8-PS1319-L-T02,2026-03-01,
B8_PS1319_L_T03,B8_PS1319_L,3,B8-PS1319-L-T03,2026-03-01,
B8_PS1319_L_T04,B8_PS1319_L,4,B8-PS1319-L-T04,2026-03-01,
B8_PS1319_L_T05,B8_PS1319_L,5,B8-PS1319-L-T05,2026-03-01,
B8_PS1319_L_T06,B8_PS1319_L,6,B8-PS1319-L-T06,2026-03-01,
B8_PS1319_L_T07,B8_PS1319_L,7,B8-PS1319-L-T07,2026-03-01,
B8_PS1319_L_T08,B8_PS1319_L,8,B8-PS1319-L-T08,2026-03-01,
B8_PS1319_L_T09,B8_PS1319_L,9,B8-PS1319-L-T09,2026-03-01,
B8_PS1319_L_T10,B8_PS1319_L,10,B8-PS1319-L-T10,2026-03-01,
B8_PS1319_L_T11,B8_PS1319_L,11,B8-PS1319-L-T11,2026-03-01,
B8_PS1319_L_T12,B8_PS1319_L,12,B8-PS1319-L-T12,2026-03-01,
B8_PS1319_M_T01,B8_PS1319_M,1,B8-PS1319-M-T01,2026-03-01,
B8_PS1319_M_T02,B8_PS1319_M,2,B8-PS1319-M-T02,2026-03-01,
B8_PS1319_M_T03,B8_PS1319_M,3,B8-PS1319-M-T03,2026-03-01,
B8_PS1319_M_T04,B8_PS1319_M,4,B8-PS1319-M-T04,2026-03-01,
B8_PS1319_M_T05,B8_PS1319_M,5,B8-PS1319-M-T05,2026-03-01,
B8_PS1319_M_T06,B8_PS1319_M,6,B8-PS1319-M-T06,2026-03-01,
B8_PS1319_M_T07,B8_PS1319_M,7,B8-PS1319-M-T07,2026-03-01,
B8_PS1319_M_T08,B8_PS1319_M,8,B8-PS1319-M-T08,2026-03-01,
B8_PS1319_M_T09,B8_PS1319_M,9,B8-PS1319-M-T09,2026-03-01,
B8_PS1319_M_T10,B8_PS1319_M,10,B8-PS1319-M-T10,2026-03-01,
B8_PS1319_M_T11,B8_PS1319_M,11,B8-PS1319-M-T11,2026-03-01,
B8_PS1319_M_T12,B8_PS1319_M,12,B8-PS1319-M-T12,2026-03-01,
B8_PS1319_H_T01,B8_PS1319_H,1,B8-PS1319-H-T01,2026-03-01,
B8_PS1319_H_T02,B8_PS1319_H,2,B8-PS1319-H-T02,2026-03-01,
B8_PS1319_H_T03,B8_PS1319_H,3,B8-PS1319-H-T03,2026-03-01,
B8_PS1319_H_T04,B8_PS1319_H,4,B8-PS1319-H-T04,2026-03-01,
B8_PS1319_H_T05,B8_PS1319_H,5,B8-PS1319-H-T05,2026-03-01,
B8_PS1319_H_T06,B8_PS1319_H,6,B8-PS1319-H-T06,2026-03-01,
B8_PS1319_H_T07,B8_PS1319_H,7,B8-PS1319-H-T07,2026-03-01,
B8_PS1319_H_T08,B8_PS1319_H,8,B8-PS1319-H-T08,2026-03-01,
B8_PS1319_H_T09,B8_PS1319_H,9,B8-PS1319-H-T09,2026-03-01,
B8_PS1319_H_T10,B8_PS1319_H,10,B8-PS1319-H-T10,2026-03-01,
B8_PS1319_H_T11,B8_PS1319_H,11,B8-PS1319-H-T11,2026-03-01,
B8_PS1319_H_T12,B8_PS1319_H,12,B8-PS1319-H-T12,2026-03-01,
